Horizonte,R²,MAE,RMSE
3 dias,0.945421194372718,0.34525325340278606,0.43275679418911117
7 dias,0.858381970213081,0.555391775405646,0.70101822981311
15 dias,0.7314360530306998,0.7194662405790275,0.9313000200432654
30 dias,0.5337773463958106,1.0000226846360267,1.3034970388926415
