Horizonte,Accuracy,Precision,Recall,F1-Score,AUC-ROC
3 dias,0.5355029585798816,0.5341783902910276,0.5355029585798816,0.5140395629993277,0.5153724802804558
7 dias,0.5591715976331361,0.5528719566800298,0.5591715976331361,0.4740025263579659,0.5327886247877759
15 dias,0.5621301775147929,0.5517751479289941,0.5621301775147929,0.5497871240268378,0.5945590327169274
30 dias,0.6153846153846154,0.6086215008233358,0.6153846153846154,0.6098372781065089,0.641017316017316
