Horizonte,R²,MAE,RMSE
3 dias,0.9391905545435622,0.3517793851566504,0.4870269860239941
7 dias,0.8872618240197129,0.48067069135766727,0.6502185389447293
15 dias,0.7533387484102998,0.7255626206137575,0.9695117583410752
30 dias,0.5431299343281523,1.1139790869721484,1.3996937250154147
