Horizonte,R2,MAE,RMSE
3 dias,0.9480863072261313,0.3337799564632429,0.42205868594582424
7 dias,0.8659405279764651,0.5227689881905199,0.6820540468870326
15 dias,0.7484543952039064,0.6917848979102995,0.9013098629443212
30 dias,0.6210168960841691,0.8910638807551097,1.1752311312522157
