Horizonte,R²,MAE,RMSE
3 dias,0.9896431223784722,0.40768156336614086,0.6074672643601197
7 dias,0.9772461150714261,0.6086714755606866,0.8929229180900483
15 dias,0.9520159784346066,0.9214465972773873,1.3024052513809226
30 dias,0.9076080382270726,1.3102679215894346,1.7921035284034406
