Horizonte,Accuracy,Precision,Recall,F1-Score,AUC-ROC
3 dias,0.5263157894736842,0.5260558804418453,0.5263157894736842,0.5260238423485525,0.5548029556650246
7 dias,0.6374269005847953,0.6370032788403556,0.6374269005847953,0.6371278403935053,0.6916886860437186
15 dias,0.6403508771929824,0.6397267346315498,0.6403508771929824,0.639901791974662,0.7287692889301303
30 dias,0.672514619883041,0.6707274739173731,0.672514619883041,0.6669642178557782,0.7514649284005408
