Horizonte,Accuracy,Precision,Recall,F1-Score,AUC-ROC
3 dias,0.6724137931034483,0.672333386937444,0.6724137931034483,0.6718163054105513,0.7406084656084656
7 dias,0.7298850574712644,0.7308247769402734,0.7298850574712644,0.7297511914079634,0.7988900634249472
15 dias,0.8850574712643678,0.8856333325675604,0.8850574712643678,0.8848743688689308,0.9086455712961736
30 dias,0.9195402298850575,0.920014155407038,0.9195402298850575,0.9192801579008476,0.9526040969339938
