Horizonte,Accuracy,Precision,Recall,F1-Score,AUC-ROC
3 dias,0.603448275862069,0.6033044645425202,0.603448275862069,0.6033564420026397,0.5868386243386243
7 dias,0.5517241379310345,0.5520037278657969,0.5517241379310345,0.5492204695524577,0.5865486257928119
15 dias,0.6724137931034483,0.6785799808429118,0.6724137931034483,0.6717099121260169,0.7481133324506818
30 dias,0.6379310344827587,0.6345562304075235,0.6379310344827587,0.6326092273012429,0.7079930378899452
