Horizonte,Accuracy,Precision,Recall,F1-Score,AUC-ROC
3 dias,0.7241379310344828,0.7285809018567638,0.7241379310344828,0.7215525320751057,0.7617724867724868
7 dias,0.7701149425287356,0.7708082466703157,0.7701149425287356,0.7700541906636534,0.8307346723044398
15 dias,0.9022988505747126,0.902624419173392,0.9022988505747126,0.9021919317244048,0.9463789222825367
30 dias,0.9252873563218391,0.9260943996087063,0.9252873563218391,0.9254144228782664,0.9609050743071362
