Horizonte,R²,MAE,RMSE
3 dias,0.9548949913912461,0.30136993587991817,0.38716811425921016
7 dias,0.8394445343125062,0.5601459915701328,0.7341807014714008
15 dias,0.6902863560978312,0.852297503204337,1.1114086429504737
30 dias,0.5407013316628524,1.1303283277329297,1.4051768193246517
