Horizonte,MAE Sem Dummy,MAE Com Dummy
7 dias,0.5686682414449076,0.5711046044828747
15 dias,0.7477081338125015,0.749708253553114
30 dias,1.1824243366883669,1.1903441627719265
