Horizonte,R² Sem Dummy,R² Com Dummy
7 dias,0.9798155667182361,0.9797521699847039
15 dias,0.9637287937335375,0.9635671525691071
30 dias,0.9161496649209241,0.916999192275072
