Variável,MAE
High,1.1912577482201139
Low,1.2018407512771598
Open,1.2169641184552071
