Horizonte,Accuracy,Precision,Recall,F1-Score,AUC-ROC
3 dias,0.665680473372781,0.6656624332515515,0.665680473372781,0.6656189933600032,0.712207164618132
7 dias,0.7899408284023669,0.7904889822120462,0.7899408284023669,0.7900420635121856,0.8831631399796471
15 dias,0.849112426035503,0.8505780418676346,0.849112426035503,0.8492433187549592,0.9218931168968061
30 dias,0.8875739644970414,0.8880779609006432,0.8875739644970414,0.8877010668865872,0.9465594786981618
