Horizonte,Accuracy,Precision,Recall,F1-Score,AUC-ROC
3 dias,0.5443786982248521,0.5443786982248521,0.5443786982248521,0.5443786982248521,0.5620863536085723
7 dias,0.6183431952662722,0.6204350198980464,0.6183431952662722,0.6184734934707158,0.6779485559883497
15 dias,0.6390532544378699,0.6435439838882607,0.6390532544378699,0.6390532544378699,0.6893819612803485
30 dias,0.6568047337278107,0.6563882779680404,0.6568047337278107,0.6565735028746487,0.7289017955165208
