Horizonte,R2,MAE,RMSE
3 dias,0.9919635782004194,0.35708243841050646,0.48318281898288795
7 dias,0.9815545536541416,0.5416519877476428,0.7264883800002959
15 dias,0.9627426700833009,0.7627606377843958,1.0117806638085456
30 dias,0.9326706398395467,1.0196846964062194,1.3549633727844659
