Horizonte,R2,MAE,RMSE
3 dias,0.9918203754864482,0.3694630649128637,0.4874687790302467
7 dias,0.9815050094720772,0.5413060615692276,0.7274633939672706
15 dias,0.9648643262753288,0.7446794035358343,0.9825499871934409
30 dias,0.9363054228452137,0.9878502589130257,1.3178820455525868
