Horizonte,Accuracy,Precision,Recall,F1-Score,AUC-ROC
3 dias,0.5536723163841808,0.5528386918282951,0.5536723163841808,0.5528135810621687,0.5739130434782609
7 dias,0.5536723163841808,0.5539905188648613,0.5536723163841808,0.5536723163841808,0.5768837803320562
15 dias,0.7175141242937854,0.7180028439953718,0.7175141242937854,0.7162764284466189,0.746799795186892
30 dias,0.7344632768361582,0.7349273607748184,0.7344632768361582,0.7305734670181614,0.817922817922818
