Horizonte,Accuracy,Precision,Recall,F1-Score,AUC-ROC
3 dias,0.5141242937853108,0.5136956046327394,0.5141242937853108,0.5138444114660626,0.5185421994884911
7 dias,0.5480225988700564,0.5484672993541736,0.5480225988700564,0.5479648898045394,0.5824393358876118
15 dias,0.6384180790960452,0.6378647562467237,0.6384180790960452,0.6378146689584648,0.6506656426011264
30 dias,0.632768361581921,0.6289648910411623,0.632768361581921,0.6273888373655423,0.6784511784511785
