Horizonte,R2,MAE,RMSE
3 dias,0.9894666096013871,0.4270222195004056,0.6219090124150877
7 dias,0.977255109074338,0.610726947646829,0.9134301923339495
15 dias,0.9562971137164537,0.9081887447216915,1.2566929203053812
30 dias,0.9250687597153092,1.1878577261389132,1.6354252408313243
