Horizonte,R2,MAE,RMSE
3 dias,0.9879069065074707,0.49477763366460026,0.6663639061518727
7 dias,0.9767225847010504,0.6200459039169082,0.9240613609235238
15 dias,0.9554228555736471,0.9272558150694747,1.2692004886045083
30 dias,0.9279404703092979,1.1523798770057632,1.603780568798419
