Horizonte,Accuracy,Precision,Recall,F1-Score,AUC-ROC
3 dias,0.5517241379310345,0.550895225464191,0.5517241379310345,0.5506529889177275,0.5705026455026455
7 dias,0.5747126436781609,0.576278367226643,0.5747126436781609,0.5735865021282555,0.6536733615221988
15 dias,0.5804597701149425,0.5842091587185132,0.5804597701149425,0.5800023469284289,0.6471600688468158
30 dias,0.7011494252873564,0.7011494252873564,0.7011494252873564,0.7011494252873564,0.7411969473825144
