Horizonte,Accuracy,Precision,Recall,F1-Score,AUC-ROC
3 dias,0.5672514619883041,0.5664194889680005,0.5672514619883041,0.5640189799116527,0.6142098955658278
7 dias,0.6169590643274854,0.6201074327986625,0.6169590643274854,0.593957949940499,0.6332032329372754
15 dias,0.6461988304093568,0.641939412851129,0.6461988304093568,0.6392873479651131,0.6995855391473949
30 dias,0.672514619883041,0.6666886409072463,0.672514619883041,0.6625941361552524,0.7590523338048092
