Horizonte,Accuracy,Precision,Recall,F1-Score,AUC-ROC
3 dias,0.5393258426966292,0.53644992771969,0.5393258426966292,0.5309770553798043,0.6007590132827325
7 dias,0.550561797752809,0.5551553205551883,0.550561797752809,0.544240585344269,0.6090909090909091
15 dias,0.6348314606741573,0.6350331170970563,0.6348314606741573,0.634912262943014,0.6842504743833018
30 dias,0.6853932584269663,0.6835470991449367,0.6853932584269663,0.683682775171812,0.7223076923076923
