Horizonte,Accuracy,Precision,Recall,F1-Score,AUC-ROC
3 dias,0.5325443786982249,0.5327819357165734,0.5325443786982249,0.5324952762169957,0.5584270056378471
7 dias,0.6124260355029586,0.6133788722589627,0.6124260355029586,0.6126399153043244,0.6691230655858511
15 dias,0.6035502958579881,0.6045142052256325,0.6035502958579881,0.6038422937461398,0.7029092442289449
30 dias,0.6627218934911243,0.6607935573718674,0.6627218934911243,0.6606090760283861,0.7589687289726246
