Horizonte,Accuracy,Precision,Recall,F1-Score,AUC-ROC
3 dias,0.5857988165680473,0.5858688421273764,0.5857988165680473,0.5858133194106044,0.64968308996043
7 dias,0.7544378698224852,0.7550046753685998,0.7544378698224852,0.7545562150917102,0.8236831947222514
15 dias,0.8254437869822485,0.8255165048866431,0.8254437869822485,0.8254729095733934,0.8942588103018165
30 dias,0.8727810650887574,0.8731419082589651,0.8727810650887574,0.8728923697112327,0.9419555901830932
