Horizonte,Accuracy,Precision,Recall,F1-Score,AUC-ROC
3 dias,0.5355029585798816,0.536246954403063,0.5355029585798816,0.5356452938870522,0.5625416301489922
7 dias,0.5236686390532544,0.5183390718099912,0.5236686390532544,0.519364195382295,0.5613858234295416
15 dias,0.6331360946745562,0.6321092336159743,0.6331360946745562,0.6325340777066277,0.6670697012802277
30 dias,0.6863905325443787,0.6870708613472891,0.6863905325443787,0.6867066597391354,0.7568542568542568
