Horizonte,Accuracy,Precision,Recall,F1-Score,AUC-ROC
3 dias,0.6479289940828402,0.6481975790875073,0.6479289940828402,0.6480122602650513,0.7111130587204207
7 dias,0.7603550295857988,0.7605734279474332,0.7603550295857988,0.7584939886844515,0.8286644029428412
15 dias,0.8254437869822485,0.825711845870997,0.8254437869822485,0.8243216073878655,0.8985597439544809
30 dias,0.8579881656804734,0.858782881582247,0.8579881656804734,0.8582636988456521,0.9349025974025973
