modelo_nome,R2,MAE,RMSE,Horizonte
Rede Neural (Regressão),0.9753167895175018,0.37776609673391154,0.526390779309686,3 dias
Regressão Linear,0.9753851303945625,0.37493026264380286,0.5233748110749357,3 dias
Rede Neural (Regressão),0.9402454661653246,0.5662782554512181,0.7794076455248171,7 dias
Regressão Linear,0.9390972176582127,0.5731078829854597,0.7892308646082077,7 dias
Rede Neural (Regressão),0.8886382299444779,0.78288739547156,1.0637005601713059,15 dias
Regressão Linear,0.8810011722927826,0.8054526781307519,1.0964637975369165,15 dias
Rede Neural (Regressão),0.817995364340597,1.0610512277192843,1.412570585664575,30 dias
Regressão Linear,0.7886698377628784,1.1725116017077541,1.5380262738532018,30 dias
