modelo_nome,R2,MAE,RMSE,Horizonte
Rede Neural (Regressão),0.9750708776287893,0.38497507769269124,0.529615804550415,3 dias
Regressão Linear,0.9753851303945625,0.37493026264380286,0.5233748110749357,3 dias
Rede Neural (Regressão),0.9415197869243631,0.5640143494494035,0.7746263646935172,7 dias
Regressão Linear,0.9390972176582127,0.5731078829854597,0.7892308646082077,7 dias
Rede Neural (Regressão),0.8974956800824819,0.7619831880153441,1.0344988188986315,15 dias
Regressão Linear,0.8810011722927826,0.8054526781307519,1.0964637975369165,15 dias
Rede Neural (Regressão),0.8475940385734969,0.9788068525135613,1.3064068570224359,30 dias
Regressão Linear,0.7886698377628784,1.1725116017077541,1.5380262738532018,30 dias
