Horizonte,R2,MAE,RMSE
3 dias,0.9884463466801604,0.43476303640150854,0.6388179796135862
7 dias,0.975955446099098,0.6200508077399435,0.9305569254830072
15 dias,0.9548840835728992,0.8598717377125908,1.2733369949900497
30 dias,0.9262451635572447,1.1248289355861665,1.5943636805284565
