Horizonte,Accuracy,Precision,Recall,F1-Score,AUC-ROC
3 dias,0.5584795321637427,0.5583907871899535,0.5584795321637427,0.5584303882270856,0.6287279575415169
7 dias,0.6374269005847953,0.6349315475432655,0.6374269005847953,0.6329841034511161,0.6504386570875933
15 dias,0.6608187134502924,0.6574711701371809,0.6608187134502924,0.6568428032285886,0.6932118974644748
30 dias,0.695906432748538,0.6916474625830112,0.695906432748538,0.6907933844510464,0.7690417256011315
