Horizonte,R²,MAE,RMSE
3 dias,0.9894869793531389,0.38099358783782544,0.5386702932098552
7 dias,0.9783506505823618,0.56142142284611,0.7704234162792607
15 dias,0.9594761962494975,0.7857179958086834,1.0495870909613592
30 dias,0.9171804024882817,1.1808640427209334,1.4909053102727798
