Horizonte,R²,MAE,RMSE
3 dias,0.9887312800761257,0.4265979133531021,0.6308916179985605
7 dias,0.9758666496104726,0.6221730018261687,0.9322736144274668
15 dias,0.9536438415690408,0.884520060339891,1.2907204308196654
30 dias,0.912273482387085,1.264917246231036,1.7388318457890644
