Horizonte,Accuracy,Precision,Recall,F1-Score,AUC-ROC
3 dias,0.5672514619883041,0.5729072312592971,0.5672514619883041,0.5459592507189613,0.5633281972265023
7 dias,0.5818713450292398,0.5856810779819325,0.5818713450292398,0.5307946560679181,0.5885258358662614
15 dias,0.5847953216374269,0.5750487329434698,0.5847953216374269,0.571759543914303,0.6106505990526608
30 dias,0.6929824561403509,0.6897920410079881,0.6929824561403509,0.6816551039184842,0.6825318246110326
