Horizonte,Accuracy,Precision,Recall,F1-Score,AUC-ROC
3 dias,0.5280898876404494,0.5247449361150518,0.5280898876404494,0.5209674052944655,0.5945604048070842
7 dias,0.5337078651685393,0.5343312932391897,0.5337078651685393,0.5331923648457527,0.5943181818181817
15 dias,0.6235955056179775,0.6238014223878393,0.6235955056179775,0.6236787941104914,0.6833649588867806
30 dias,0.6853932584269663,0.6835470991449367,0.6853932584269663,0.683682775171812,0.7137179487179487
