Horizonte,R²,MAE,RMSE
3 dias,0.9892066724891023,0.42934330261495285,0.6295358079733714
7 dias,0.9763664903470645,0.6223152852134463,0.9311026091267606
15 dias,0.9562753907023531,0.9118476790618498,1.2570052082210432
30 dias,0.9133880508947652,1.2727128222838437,1.7582804272951622
