Horizonte,Accuracy,Precision,Recall,F1-Score,AUC-ROC
3 dias,0.5747800586510264,0.5741273294863305,0.5747800586510264,0.5740529798114442,0.5974748518671626
7 dias,0.5249266862170088,0.5196341806628383,0.5249266862170088,0.5204887833633535,0.5420168067226891
15 dias,0.6158357771260997,0.6113596366501574,0.6158357771260997,0.6116717293923148,0.6643327265088923
30 dias,0.6744868035190615,0.6689906415562129,0.6744868035190615,0.6650890471275694,0.7211265103056147
