Horizonte,Accuracy,Precision,Recall,F1-Score,AUC-ROC
3 dias,0.5366568914956011,0.5351699118380514,0.5366568914956011,0.5344149087125154,0.5640760644894585
7 dias,0.5806451612903226,0.5755358900141235,0.5806451612903226,0.5732288400352529,0.5739287450517397
15 dias,0.6715542521994134,0.6689966002732174,0.6715542521994134,0.6648758711577047,0.7357512953367875
30 dias,0.718475073313783,0.7174214107656328,0.718475073313783,0.7092763585523089,0.7969793887704335
