Horizonte,R2,MAE,RMSE
3 dias,0.9897629756381758,0.3764841104158689,0.5315524635772596
7 dias,0.9810674045379966,0.5351250330925956,0.7204637378986687
15 dias,0.9722738563519565,0.6527656301839897,0.868176674465762
30 dias,0.9630238480808833,0.7561117180001653,0.9961950055431715
