Horizonte,R2,MAE,RMSE
3 dias,0.9892619070064415,0.3819904082808414,0.5444059301215447
7 dias,0.9794614948197886,0.5488762697028609,0.7503976499000758
15 dias,0.9637928997699265,0.7417077326534111,0.9921109682565878
30 dias,0.9372120938268246,0.9941720911322492,1.298139916148206
