Horizonte,Accuracy,Precision,Recall,F1-Score,AUC-ROC
3 dias,0.5395894428152492,0.5404946451576391,0.5395894428152492,0.5389950118534077,0.577243325075695
7 dias,0.5630498533724341,0.5641559168036886,0.5630498533724341,0.563365892294713,0.6050379572118703
15 dias,0.5747800586510264,0.5746135217046731,0.5747800586510264,0.5746918578075677,0.6185638261109959
30 dias,0.5718475073313783,0.5770776174418278,0.5718475073313783,0.573208694328597,0.6612757058208435
