Horizonte,Accuracy,Precision,Recall,F1-Score,AUC-ROC
3 dias,0.5263157894736842,0.5273296063493902,0.5263157894736842,0.5256672623508387,0.5692391899288451
7 dias,0.5614035087719298,0.5647911807485949,0.5614035087719298,0.5615385076919385,0.6044747949624241
15 dias,0.6023391812865497,0.6004783844866745,0.6023391812865497,0.5997295321637427,0.6209231192219129
30 dias,0.6023391812865497,0.6041089698481585,0.6023391812865497,0.6030396752681187,0.6633265143372283
