Horizonte,Accuracy,Precision,Recall,F1-Score,AUC-ROC
3 dias,0.550561797752809,0.5486972009059126,0.550561797752809,0.5471138637117872,0.572675521821632
7 dias,0.5337078651685393,0.5337848237648145,0.5337078651685393,0.5299204947470701,0.5734848484848486
15 dias,0.6123595505617978,0.6126270733012307,0.6123595505617978,0.6080669504957993,0.6602783048703352
30 dias,0.6741573033707865,0.67332243364525,0.6741573033707865,0.6736545243609432,0.7635897435897436
