Horizonte,Accuracy,Precision,Recall,F1-Score,AUC-ROC
3 dias,0.5955056179775281,0.5949879683435064,0.5955056179775281,0.5915125324114088,0.6007590132827325
7 dias,0.5898876404494382,0.590706101107703,0.5898876404494382,0.5880267466713728,0.6313131313131314
15 dias,0.6573033707865169,0.6584516995265353,0.6573033707865169,0.6543089022727607,0.7132194813409235
30 dias,0.7528089887640449,0.7528089887640449,0.7528089887640449,0.7528089887640449,0.8666666666666667
