Horizonte,Accuracy,Precision,Recall,F1-Score,AUC-ROC
3 dias,0.5190615835777126,0.513999586279067,0.5190615835777126,0.4975842699256806,0.49652060079922833
7 dias,0.5454545454545454,0.5237398373983739,0.5454545454545454,0.46648765334596953,0.5479547190777138
15 dias,0.5483870967741935,0.539089184060721,0.5483870967741935,0.5400673118744753,0.5942445035709284
30 dias,0.6304985337243402,0.6225845661086455,0.6304985337243402,0.6228102167334326,0.6377398720682304
