Horizonte,Accuracy,Precision,Recall,F1-Score,AUC-ROC
3 dias,0.5526315789473685,0.5558375176100856,0.5526315789473685,0.5286811623653729,0.546824173942818
7 dias,0.5701754385964912,0.5903488477721791,0.5701754385964912,0.47699826117107175,0.5568872616744956
15 dias,0.5467836257309941,0.5368748081405483,0.5467836257309941,0.5379300738396076,0.5907982724993034
30 dias,0.6286549707602339,0.6207107822547494,0.6286549707602339,0.6212718596619525,0.6467114568599718
