Horizonte,Accuracy,Precision,Recall,F1-Score,AUC-ROC
3 dias,0.5467836257309941,0.5480012153878673,0.5467836257309941,0.5468262492967112,0.6170176339667864
7 dias,0.6023391812865497,0.5985910591670274,0.6023391812865497,0.5974664360431595,0.6326678640508429
15 dias,0.6228070175438597,0.6187553830852591,0.6228070175438597,0.6192318709956891,0.6614655893006409
30 dias,0.6608187134502924,0.6550119118417513,0.6608187134502924,0.6551156980415518,0.7268564356435644
