Horizonte,Accuracy,Precision,Recall,F1-Score,AUC-ROC
3 dias,0.5571847507331378,0.556584292374798,0.5571847507331378,0.5566497697190168,0.6035379633457352
7 dias,0.5659824046920822,0.5628791526239769,0.5659824046920822,0.5634788667711847,0.6101118133203695
15 dias,0.6686217008797654,0.6656674889133948,0.6686217008797654,0.6650298123765769,0.7405300378098305
30 dias,0.7214076246334311,0.7184196851535561,0.7214076246334311,0.7164798107702293,0.80863539445629
