Horizonte,Accuracy,Precision,Recall,F1-Score,AUC-ROC
3 dias,0.5689149560117303,0.5684903451184644,0.5689149560117303,0.568580369449824,0.591532313628221
7 dias,0.5043988269794721,0.5018217520601121,0.5043988269794721,0.5027629367325939,0.5219112438363775
15 dias,0.624633431085044,0.6229989317119653,0.624633431085044,0.6236230319815255,0.6659956588713065
30 dias,0.6715542521994134,0.6680511957374747,0.6715542521994134,0.6689610724904104,0.7346126510305615
