Horizonte,Accuracy,Precision,Recall,F1-Score,AUC-ROC
3 dias,0.5674157303370787,0.5660024761148357,0.5674157303370787,0.5645293493276112,0.5659076533839341
7 dias,0.550561797752809,0.5504737505822475,0.550561797752809,0.5504482602506624,0.5861111111111111
15 dias,0.5898876404494382,0.5889561774393235,0.5898876404494382,0.5871512013105924,0.6461100569259961
30 dias,0.6910112359550562,0.690598754899567,0.6910112359550562,0.6907831267728051,0.756025641025641
