Horizonte,Accuracy,Precision,Recall,F1-Score,AUC-ROC
3 dias,0.5730337078651685,0.571877894049437,0.5730337078651685,0.5712947589854034,0.5979127134724859
7 dias,0.6123595505617978,0.61242267390481,0.6123595505617978,0.6123717855284814,0.6573863636363636
15 dias,0.6404494382022472,0.6399925869418118,0.6404494382022472,0.6394902713072075,0.7204933586337761
30 dias,0.797752808988764,0.7994884443226455,0.797752808988764,0.7982171520293512,0.8781410256410256
