Horizonte,R²,MAE,RMSE
3 dias,0.9905870734608975,0.36804779694144757,0.5161251966095488
7 dias,0.9798896036710812,0.5734742301877586,0.7546347979804641
15 dias,0.963871742583593,0.7490226842945026,1.0045998910482403
30 dias,0.917260279470461,1.187484743967796,1.5058753838801722
