Horizonte,Accuracy,Precision,Recall,F1-Score,AUC-ROC
3 dias,0.5402298850574713,0.5398855450323619,0.5402298850574713,0.5399863949926269,0.5703042328042328
7 dias,0.5517241379310345,0.5516872973769525,0.5517241379310345,0.5505357077558782,0.5552986257928119
15 dias,0.6724137931034483,0.6738490559160166,0.6724137931034483,0.6725761413078771,0.7207732027009135
30 dias,0.632183908045977,0.6298168432534724,0.632183908045977,0.6302454178316248,0.7276743874682019
