Horizonte,Accuracy,Precision,Recall,F1-Score,AUC-ROC
3 dias,0.7528735632183908,0.7538377015803251,0.7528735632183908,0.7521266104915457,0.798611111111111
7 dias,0.6954022988505747,0.6957555591008198,0.6954022988505747,0.6953721157588011,0.8167283298097251
15 dias,0.867816091954023,0.8697390026791116,0.867816091954023,0.8673542334353439,0.930888388719714
30 dias,0.9022988505747126,0.9040671971706455,0.9022988505747126,0.9016738965272161,0.9548132280091043
