Horizonte,Accuracy,Precision,Recall,F1-Score,AUC-ROC
3 dias,0.5467836257309941,0.5471877298035508,0.5467836257309941,0.5467565016437197,0.5574712643678161
7 dias,0.6578947368421053,0.6603289833779852,0.6578947368421053,0.6581610121613317,0.728561133797742
15 dias,0.6695906432748538,0.6708250465978748,0.6695906432748538,0.669927636747751,0.7509537065676875
30 dias,0.7076023391812866,0.706271429959819,0.7076023391812866,0.7063250919209308,0.7920841857078464
