Horizonte,Accuracy,Precision,Recall,F1-Score,AUC-ROC
3 dias,0.5366568914956011,0.5365821896719682,0.5366568914956011,0.5366010823938129,0.5638074593999449
7 dias,0.5982404692082112,0.600093743177591,0.5982404692082112,0.5985446832105488,0.6687888198757764
15 dias,0.6392961876832844,0.6391575421256321,0.6392961876832844,0.6392213690367644,0.7193655401202571
30 dias,0.6774193548387096,0.6754259448177202,0.6774193548387096,0.6740448409974834,0.743028929940746
