Horizonte,Accuracy,Precision,Recall,F1-Score,AUC-ROC
3 dias,0.5542521994134897,0.554410983918107,0.5542521994134897,0.5515647386615128,0.612888797137352
7 dias,0.6539589442815249,0.6544965786901271,0.6539589442815249,0.6541378446687786,0.7405969634230504
15 dias,0.6891495601173021,0.6896112470289398,0.6891495601173021,0.6864561178868382,0.7641509433962264
30 dias,0.6832844574780058,0.6814126026774583,0.6832844574780058,0.680409606580671,0.7684907633321716
