Horizonte,R2,MAE,RMSE
3 dias,0.9589229248125508,0.29264675130695567,0.36947661374758145
7 dias,0.8624556148639374,0.5181184712050824,0.6795350313563112
15 dias,0.8133384014555989,0.6672203156131957,0.8628217638329653
30 dias,0.8463751706029528,0.6402615014916,0.8126697427915957
