Horizonte,R2,MAE,RMSE
3 dias,0.956013449622356,0.2958332678065124,0.3823377236946165
7 dias,0.8489338758382193,0.5445070508999923,0.712154070052142
15 dias,0.7124920851447154,0.8287372953052072,1.0708250035603546
30 dias,0.6061008088559001,1.0248064472821938,1.301295500608933
