Horizonte,Accuracy,Precision,Recall,F1-Score,AUC-ROC
3 dias,0.5701754385964912,0.569446512320405,0.5701754385964912,0.5667359496973327,0.6010957027906181
7 dias,0.6140350877192983,0.6161143599740091,0.6140350877192983,0.5914869140063274,0.6015301188173529
15 dias,0.6345029239766082,0.629998005767106,0.6345029239766082,0.6293333308316021,0.685358038450822
30 dias,0.672514619883041,0.6666886409072463,0.672514619883041,0.6625941361552524,0.7275106082036775
