Horizonte,Accuracy,Precision,Recall,F1-Score,AUC-ROC
3 dias,0.5443786982248521,0.5442141996425591,0.5443786982248521,0.5438193987873474,0.5723290261582099
7 dias,0.5266272189349113,0.5238836268276379,0.5266272189349113,0.5225929350864819,0.5805523388426852
15 dias,0.5562130177514792,0.5548367386261037,0.5562130177514792,0.5550383980567928,0.5968166965320966
30 dias,0.5828402366863905,0.5806531921877843,0.5828402366863905,0.5813347010449929,0.6402946488649645
