Horizonte,R2,MAE,RMSE
3 dias,0.9317645815254703,0.38628808060872266,0.5159082041288957
7 dias,0.8816058499942151,0.49756190679381435,0.6663293878480232
15 dias,0.7710091898779008,0.71443928447163,0.9341392965311992
30 dias,0.6206566760246117,1.0268274105609891,1.275419011669645
