Horizonte,R2,MAE,RMSE
3 dias,0.939125393468638,0.36339493035292475,0.4872878558994152
7 dias,0.890993199830618,0.4747917885386679,0.6393676250131975
15 dias,0.7816344495360323,0.6724065450478632,0.9122096823029889
30 dias,0.596532891680556,1.0543639609257143,1.315348190103933
