Horizonte,R2,MAE,RMSE
3 dias,0.9897241445081166,0.39086553691970394,0.5392643625407988
7 dias,0.9803899032818703,0.5651762645048877,0.7451889059395492
15 dias,0.9662157696671505,0.741665102579801,0.9714638270868152
30 dias,0.9405823523024194,0.9797539154247898,1.27611477332538
