Horizonte,Accuracy,Precision,Recall,F1-Score,AUC-ROC
3 dias,0.5321637426900585,0.5322641418868649,0.5321637426900585,0.5321957457175449,0.5536569512862617
7 dias,0.6432748538011696,0.6464850707491209,0.6432748538011696,0.6434700722688367,0.7145259256717339
15 dias,0.6432748538011696,0.6439402822097915,0.6432748538011696,0.6435196807777309,0.7246623363233322
30 dias,0.6812865497076024,0.6803311687568563,0.6812865497076024,0.6806626489749025,0.7581394542491592
