Horizonte,Accuracy,Precision,Recall,F1-Score,AUC-ROC
3 dias,0.5395894428152492,0.5398215123182493,0.5395894428152492,0.5395894428152492,0.5616570327552987
7 dias,0.624633431085044,0.6267232674094505,0.624633431085044,0.6249047057063948,0.6717563837129055
15 dias,0.6422287390029325,0.6436747296185262,0.6422287390029325,0.6425986686172537,0.6987697836754441
30 dias,0.6774193548387096,0.6763160881705296,0.6774193548387096,0.6766570598678238,0.733774834437086
