Horizonte,Accuracy,Precision,Recall,F1-Score,AUC-ROC
3 dias,0.5718475073313783,0.5717609330512556,0.5718475073313783,0.5710944975677359,0.6439237544728874
7 dias,0.6891495601173021,0.6899936601667733,0.6891495601173021,0.689358378622804,0.776535541752933
15 dias,0.6950146627565983,0.6945235390767244,0.6950146627565983,0.6939013454012041,0.7951655262976016
30 dias,0.7243401759530792,0.7239957487846641,0.7243401759530792,0.7241429324489618,0.8056117113976995
