Horizonte,Accuracy,Precision,Recall,F1-Score,AUC-ROC
3 dias,0.5649717514124294,0.5647851631995974,0.5649717514124294,0.5648604376114155,0.5936061381074168
7 dias,0.5988700564971752,0.5989595055487267,0.5988700564971752,0.5988956673475185,0.6368454661558111
15 dias,0.7231638418079096,0.7230799206616781,0.7231638418079096,0.7225413983853853,0.7468637992831542
30 dias,0.7457627118644068,0.7493868028475342,0.7457627118644068,0.7402670689620948,0.8537296037296038
