Horizonte,Accuracy,Precision,Recall,F1-Score,AUC-ROC
3 dias,0.4915254237288136,0.4915254237288136,0.4915254237288136,0.4915254237288136,0.4990409207161125
7 dias,0.5423728813559322,0.5426845899084356,0.5423728813559322,0.5423728813559322,0.559323116219668
15 dias,0.615819209039548,0.6150158692531574,0.615819209039548,0.6147075748064448,0.6356886840757809
30 dias,0.6101694915254238,0.6096522121945851,0.6101694915254238,0.6098914473955342,0.6671199171199171
