Horizonte,Accuracy,Precision,Recall,F1-Score,AUC-ROC
3 dias,0.519774011299435,0.5187547323664744,0.519774011299435,0.5188500555732194,0.5375959079283887
7 dias,0.5254237288135594,0.5256184969096795,0.5254237288135594,0.5254540260729558,0.542528735632184
15 dias,0.6045197740112994,0.6063640496136113,0.6045197740112994,0.6047470614974998,0.6687147977470557
30 dias,0.672316384180791,0.6704062415926823,0.672316384180791,0.6705815885676304,0.7148407148407149
