Horizonte,R2,MAE,RMSE
3 dias,0.9899321729268373,0.41065688977010395,0.5989303635165723
7 dias,0.9791606690423793,0.6126241782230623,0.8545315013102075
15 dias,0.9603602518366627,0.8272949185895964,1.1837589080786335
30 dias,0.9447611733188713,1.024667718296646,1.3856968291634557
