Horizonte,R2,MAE,RMSE
3 dias,0.9894325519844707,0.41077627325122684,0.6136115377559191
7 dias,0.9780271270664451,0.6050336431002672,0.8774646176799944
15 dias,0.9540845101577609,0.901449191856398,1.2740234675553601
30 dias,0.9190122496394286,1.2233590949687432,1.6778597979050647
