Horizonte,Accuracy,Precision,Recall,F1-Score,AUC-ROC
3 dias,0.5355029585798816,0.536246954403063,0.5355029585798816,0.5356452938870522,0.5705872042068362
7 dias,0.5562130177514792,0.5495440876903677,0.5562130177514792,0.5484773257196933,0.5693265421618563
15 dias,0.606508875739645,0.6028417124496911,0.606508875739645,0.6034777940581043,0.6622332859174964
30 dias,0.6686390532544378,0.6644718885854296,0.6686390532544378,0.6650320055846569,0.7505230880230882
