Horizonte,Accuracy,Precision,Recall,F1-Score,AUC-ROC
3 dias,0.5946745562130178,0.5941727586794476,0.5946745562130178,0.5940014060423215,0.6315512708150745
7 dias,0.7159763313609467,0.7150608867164051,0.7159763313609467,0.7142712759265583,0.7678975664968873
15 dias,0.8313609467455622,0.8326722706972394,0.8313609467455622,0.8298338576416717,0.8980440967283073
30 dias,0.8550295857988166,0.8545882674647363,0.8550295857988166,0.8544300390072483,0.9143759018759019
