Horizonte,Accuracy,Precision,Recall,F1-Score,AUC-ROC
3 dias,0.5380116959064327,0.5380116959064327,0.5380116959064327,0.5380116959064327,0.5726087848932676
7 dias,0.6374269005847953,0.6383405619838018,0.6374269005847953,0.6376877266702886,0.7105967537146975
15 dias,0.6637426900584795,0.6638868806631965,0.6637426900584795,0.6638091126816482,0.7475856617520706
30 dias,0.695906432748538,0.6949591182256717,0.695906432748538,0.6912724408349661,0.7900731597378732
