Horizonte,R²,MAE,RMSE
3 dias,0.9918593512236775,0.3580438876799102,0.48630600303169697
7 dias,0.9808203005730896,0.5548904743871385,0.7408068445688211
15 dias,0.960132331022517,0.7839717683747462,1.0466245883015979
30 dias,0.9136815564430484,1.1904695003776413,1.5341828099732366
