Horizonte,Accuracy,Precision,Recall,F1-Score,AUC-ROC
3 dias,0.5321637426900585,0.5330549932523617,0.5321637426900585,0.5317155163357494,0.5771072796934866
7 dias,0.5614035087719298,0.5617125722075006,0.5614035087719298,0.5615388780593459,0.6134655639820185
15 dias,0.5760233918128655,0.5773698862435387,0.5760233918128655,0.5764558170656983,0.6321957590129567
30 dias,0.5672514619883041,0.5740911733524846,0.5672514619883041,0.5687364780756439,0.6776117332963489
